Query,Clicks,Impressions,CTR,Position
"2009 bmw x5 serpentine belt diagram",1,2,50.00%,21.0
"oil change near me",1,1,100.00%,1.0
"08 nissan altima headlight bulb replacement",0,1,0.00%,24.0
"1984 ford explorer",0,1,0.00%,76.0
"1984 ford f150 starter solenoid wiring diagram",0,1,0.00%,21.0
"1985 ford f150 radiator replacement step by step instructions",0,3,0.00%,22.0
"1985 ford f150 radiator replacement steps instructions",0,1,0.00%,12.0
"1987 hyundai elantra",0,1,0.00%,73.0
"1988 nissan altima",0,3,0.00%,9.7
"1988 toyota tundra",0,1,0.00%,11.0
"1989 chevrolet malibu",0,1,0.00%,74.0
"1989 subaru outback",0,1,0.00%,10.0
"1990 toyota sienna",0,1,0.00%,27.0
"1991 chevy 1500 serpentine belt diagram",0,2,0.00%,7.5
"1992 ford f150 alternator",0,1,0.00%,86.0
"1993 ford escape",0,1,0.00%,13.0
"1994 c class car brakes",0,1,0.00%,70.0
"1994 chevy silverado starter",0,1,0.00%,26.0
"1994 toyota prius",0,1,0.00%,9.0
"1995 corolla starters",0,2,0.00%,39.0
"1995 ford f150 thermostat replacement",0,1,0.00%,25.0
"1995 jeep starter disassembly instructions",0,1,0.00%,8.0
"1995 toyota camry battery",0,1,0.00%,29.0
"1995 toyota corolla belt diagram",0,2,0.00%,20.0
"1995 toyota corolla cabin air filter location",0,2,0.00%,7.0
"1996 chevy 1500 starter replacement",0,1,0.00%,15.0
"1996 jeep cherokee battery",0,1,0.00%,66.0
"1996 toyota corolla belt diagram",0,1,0.00%,16.0
"1997 ford f150 starter location",0,1,0.00%,24.0
"1997 ford f150 starter replacement",0,1,0.00%,39.0
"1997 honda accord alternator replacement",0,1,0.00%,19.0
"1997 nissan sentra thermostat location",0,1,0.00%,25.0
"1997 toyota camry alternator replacement",0,1,0.00%,9.0
"1997 toyota corolla headlight bulb",0,1,0.00%,92.0
"1997 toyota highlander",0,1,0.00%,10.0
"1998 ford explorer starter location",0,1,0.00%,10.0
"1998 ford f150 serpentine belt diagram",0,3,0.00%,7.7
"1998 ford fusion",0,1,0.00%,9.0
"1998 kia optima",0,1,0.00%,6.0
"1998 nissan versa",0,1,0.00%,10.0
"1998 toyota camry battery size",0,1,0.00%,63.0
"1999 ford mustang battery",0,5,0.00%,57.0
"1999 honda civic alternator replacement",0,1,0.00%,42.0
"1999 jeep wrangler belt diagram",0,1,0.00%,26.0
"1999 jeep wrangler water pump",0,2,0.00%,49.5
"1999 mustang battery",0,1,0.00%,35.0
"1999 nissan altima starter",0,3,0.00%,56.0
"1999 nissan altima starter location",0,2,0.00%,7.0
"1999 suburban headlight bulb replacement",0,2,0.00%,29.5
"1999 toyota corolla cabin air filter location",0,1,0.00%,71.0
"1999 toyota corolla starter replacement",0,1,0.00%,9.0
"2000 honda civic water pump",0,2,0.00%,39.5
"2000 jeep cherokee alternator replacement",0,1,0.00%,37.0
"2000 jeep cherokee radiator drain plug location",0,3,0.00%,47.0
"2000 jeep cherokee radiator replacement",0,1,0.00%,22.0
"2000 jeep cherokee water pump replacement",0,1,0.00%,28.0
"2000 jeep grand cherokee radiator replacement",0,1,0.00%,91.0
"2000 mustang battery",0,2,0.00%,97.5
"2000 subaru outback battery",0,1,0.00%,23.0
"2001 camry v6 how change disk and brake pads",0,4,0.00%,25.5
"2001 f150 thermostat housing replacement",0,1,0.00%,22.0
"2001 ford f150 5.4 thermostat replacement",0,1,0.00%,26.0
"2001 ford f150 thermostat",0,1,0.00%,30.0
"2001 ford f150 thermostat location",0,1,0.00%,10.0
"2001 jeep grand cherokee alternator replacement",0,1,0.00%,16.0
"2001 nissan altima starter",0,1,0.00%,69.0
"2001 nissan altima starter location",0,1,0.00%,54.0
"2001 nissan pathfinder water pump",0,1,0.00%,47.0
"2002 ford escape radiator replacement",0,1,0.00%,36.0
"2002 honda civic serpentine belt",0,1,0.00%,28.0
"2002 honda odyssey oil change",0,2,0.00%,13.5
"2002 honda odyssey starter",0,1,0.00%,29.0
"2002 honda odyssey starter location",0,1,0.00%,8.0
"2002 nissan altima battery",0,1,0.00%,90.0
"2002 toyota camry alternator replacement",0,1,0.00%,26.0
"2003 chevy malibu starter",0,1,0.00%,50.0
"2003 f150 alternator replacement",0,1,0.00%,57.0
"2003 ford escape water pump",0,1,0.00%,26.0
"2003 ford explorer cabin air filter location",0,1,0.00%,43.0
"2003 honda accord headlight removal",0,1,0.00%,68.0
"2003 honda odyssey starter",0,1,0.00%,38.0
"2003 honda odyssey starter replacement",0,1,0.00%,22.0
"2003 hyundai elantra headlight bulb",0,1,0.00%,59.0
"2003 hyundai elantra starter location",0,1,0.00%,7.0
"2003 nissan altima serpentine belt diagram",0,2,0.00%,7.0
"2004 bmw x3 battery location",0,1,0.00%,12.0
"2004 chevy silverado thermostat location",0,1,0.00%,87.0
"2004 ford escape alternator replacement",0,1,0.00%,34.0
"2004 honda pilot alternator replacement",0,1,0.00%,59.0
"2004 honda pilot radiator replacement",0,1,0.00%,34.0
"2004 hyundai sonata alternator replacement",0,1,0.00%,21.0
"2004 nissan sentra starter location",0,2,0.00%,9.0
"2004 subaru forester serpentine belt replacement",0,1,0.00%,9.0
"2004 toyota rav4 battery location",0,1,0.00%,9.0
"2005 f150 headlight replacement",0,1,0.00%,62.0
"2005 ford explorer headlight bulb replacement",0,1,0.00%,34.0
"2005 honda accord starter location",0,1,0.00%,37.0
"2005 jeep grand cherokee alternator replacement",0,1,0.00%,6.0
"2006 nissan pathfinder radiator",0,1,0.00%,54.0
"2007 ford f150 cabin air filter",0,1,0.00%,45.0
"2007 ford f150 cabin air filter location",0,2,0.00%,38.5
"2007 hyundai sonata belt diagram",0,6,0.00%,6.8
"2007 hyundai sonata serpentine belt diagram",0,1,0.00%,12.0
"2007 nissan pathfinder belt diagram",0,3,0.00%,5.0
"2007 nissan pathfinder serpentine belt diagram",0,6,0.00%,5.2
"2008 bmw x5 3.0 belt diagram",0,2,0.00%,40.5
"2008 bmw x5 3.0 serpentine belt diagram",0,2,0.00%,33.0
"2008 bmw x5 4.8 belt diagram",0,1,0.00%,46.0
"2008 bmw x5 belt diagram",0,4,0.00%,23.3
"2008 bmw x5 serpentine belt diagram",0,2,0.00%,34.5
"2008 chevy impala starter location",0,2,0.00%,20.5
"2008 chevy tahoe starter location",0,1,0.00%,10.0
"2008 honda crv alternator replacement",0,1,0.00%,26.0
"2008 honda fit starter replacement",0,3,0.00%,68.3
"2008 nissan altima headlight replacement",0,2,0.00%,38.5
"2008 nissan altima radiator replacement",0,1,0.00%,44.0
"2008 nissan pathfinder battery",0,12,0.00%,72.8
"2008 pathfinder starter location",0,1,0.00%,11.0
"2008 tahoe starter location",0,1,0.00%,9.0
"2009 bmw x5 4.8 belt diagram",0,2,0.00%,72.0
"2009 bmw x5 belt diagram",0,3,0.00%,36.3
"2009 honda fit starter replacement",0,1,0.00%,37.0
"2009 honda odyssey serpentine belt replacement",0,1,0.00%,63.0
"2009 nissan versa alternator replacement",0,1,0.00%,9.0
"2009 nissan versa belt diagram",0,1,0.00%,8.0
"2009 nissan versa serpentine belt diagram",0,1,0.00%,5.0
"2009 subaru forester thermostat location",0,1,0.00%,54.0
"2009 toyota rav4 starter location",0,2,0.00%,8.0
"2010 crv belt diagram",0,2,0.00%,38.5
"2010 honda crv serpentine belt",0,1,0.00%,48.0
"2010 honda crv serpentine belt replacement",0,2,0.00%,57.0
"2010 kia soul thermostat location",0,1,0.00%,42.0
"2010 nissan altima spark plug socket size",0,1,0.00%,6.0
"2010 nissan sentra alternator replacement",0,1,0.00%,69.0
"2010 nissan sentra serpentine belt diagram",0,1,0.00%,8.0
"2011 bmw battery location",0,1,0.00%,45.0
"2011 bmw x3 belt diagram",0,1,0.00%,8.0
"2011 bmw x3 headlight bulb replacement",0,1,0.00%,49.0
"2011 bmw x3 serpentine belt diagram",0,1,0.00%,5.0
"2011 honda crv starter location",0,1,0.00%,42.0
"2011 honda crv starter replacement",0,1,0.00%,44.0
"2011 honda pilot starter location",0,1,0.00%,67.0
"2011 nissan altima radiator replacement",0,1,0.00%,17.0
"2011 nissan sentra serpentine belt diagram",0,1,0.00%,6.0
"2011 nissan sentra spark plug gap",0,1,0.00%,11.0
"2011 nissan sentra spark plug replacement",0,1,0.00%,20.0
"2011 nissan versa belt diagram",0,1,0.00%,5.0
"2011 nissan versa serpentine belt diagram",0,1,0.00%,9.0
"2011 nissan versa starter location",0,1,0.00%,70.0
"2011 subaru forester serpentine belt diagram",0,2,0.00%,9.5
"2012 bmw x3 headlight bulb replacement",0,1,0.00%,9.0
"2012 bmw x5 serpentine belt diagram",0,1,0.00%,33.0
"2012 chevy silverado radiator replacement",0,1,0.00%,27.0
"2012 ford edge starter location",0,1,0.00%,34.0
"2012 ford fusion headlight bulb replacement",0,1,0.00%,33.0
"2012 ford fusion spark plug gap",0,1,0.00%,34.0
"2012 ford fusion spark plugs",0,1,0.00%,47.0
"2012 hyundai sonata oil change",0,1,0.00%,70.0
"2012 nissan altima thermostat location",0,1,0.00%,67.0
"2012 nissan pathfinder thermostat location",0,2,0.00%,6.0
"2012 nissan rogue radiator",0,1,0.00%,35.0
"2012 nissan sentra thermostat",0,1,0.00%,5.0
"2012 nissan sentra thermostat location",0,6,0.00%,6.3
"2012 nissan versa headlight bulb",0,1,0.00%,58.0
"2012 nissan versa headlight replacement",0,1,0.00%,23.0
"2012 subaru forester spark plug replacement",0,5,0.00%,28.4
"2012 toyota corolla radiator replacement",0,1,0.00%,11.0
"2013 bmw x3 alternator replacement",0,1,0.00%,5.0
"2013 bmw x5 oil reset",0,1,0.00%,70.0
"2013 chevy impala radiator replacement",0,1,0.00%,43.0
"2013 ford escape alternator removal",0,1,0.00%,9.0
"2013 ford escape alternator replacement",0,1,0.00%,25.0
"2013 ford fusion alternator location",0,2,0.00%,10.0
"2013 ford fusion alternator replacement",0,1,0.00%,9.0
"2013 honda civic radiator replacement",0,1,0.00%,32.0
"2013 honda fit spark plug gap",0,1,0.00%,10.0
"2013 honda fit spark plug torque",0,3,0.00%,8.7
"2013 honda odyssey serpentine belt diagram",0,1,0.00%,6.0
"2013 honda pilot serpentine belt replacement",0,1,0.00%,72.0
"2013 jeep wrangler starter location",0,1,0.00%,10.0
"2013 kia sorento serpentine belt replacement",0,1,0.00%,61.0
"2013 nissan rogue belt diagram",0,1,0.00%,9.0
"2013 nissan rogue serpentine belt diagram",0,1,0.00%,5.0
"2013 nissan rogue spark plug gap",0,1,0.00%,49.0
"2013 subaru forester alternator replacement",0,1,0.00%,6.0
"2013 toyota corolla battery",0,1,0.00%,58.0
"2013 toyota prius headlight bulb replacement",0,1,0.00%,35.0
"2013 toyota prius headlight replacement",0,1,0.00%,43.0
"2013 toyota tacoma alternator replacement",0,1,0.00%,94.0
"2014 bmw x3 battery location",0,5,0.00%,65.4
"2014 chevy equinox water pump replacement",0,1,0.00%,85.0
"2014 equinox water pump replacement",0,1,0.00%,76.0
"2014 ford edge starter location",0,1,0.00%,35.0
"2015 bmw x5 battery location",0,1,0.00%,99.0
"2015 bmw x5 water pump",0,1,0.00%,63.0
"2015 ford escape battery location",0,1,0.00%,43.0
"2015 ford escape titanium battery replacement",0,2,0.00%,71.5
"2015 ford explorer thermostat replacement",0,1,0.00%,79.0
"2015 ford explorer water pump replacement",0,5,0.00%,74.0
"2015 ford fusion battery location",0,1,0.00%,39.0
"2015 honda civic alternator replacement",0,1,0.00%,97.0
"2015 honda civic cabin air filter location",0,1,0.00%,86.0
"2015 honda civic thermostat location",0,1,0.00%,91.0
"2015 honda crv starter location",0,1,0.00%,62.0
"2015 honda crv water pump replacement",0,1,0.00%,86.0
"2015 honda fit spark plug replacement",0,1,0.00%,47.0
"2015 honda odyssey alternator replacement",0,3,0.00%,79.7
"2015 honda pilot headlight bulb replacement",0,2,0.00%,82.0
"2015 hyundai sonata limited headlight bulb replacement",0,1,0.00%,93.0
"2015 kia soul starter location",0,1,0.00%,67.0
"2015 nissan altima starter replacement",0,1,0.00%,71.0
"2015 nissan rogue serpentine belt replacement",0,1,0.00%,88.0
"2015 nissan sentra cabin air filter location",0,1,0.00%,54.0
"2015 nissan versa thermostat location",0,1,0.00%,65.0
"2016 ford explorer oil change",0,2,0.00%,84.5
"2016 honda accord starter location",0,1,0.00%,78.0
"2016 honda pilot starter location",0,1,0.00%,77.0
"2016 kia soul starter location",0,1,0.00%,40.0
"2017 chevy tahoe starter location",0,1,0.00%,66.0
"2017 mustang battery location",0,2,0.00%,97.5
"2017 nissan pathfinder starter location",0,1,0.00%,66.0
"2017 nissan rogue thermostat location",0,2,0.00%,63.0
"2018 ford escape thermostat location",0,1,0.00%,65.0
"2019 ford fusion serpentine belt replacement",0,1,0.00%,48.0
"2019 honda odyssey oil change",0,1,0.00%,70.0
"2019 subaru forester thermostat location",0,1,0.00%,53.0
"2025 bmw x5 battery location",0,1,0.00%,86.0
"98 honda accord alternator replacement",0,1,0.00%,42.0
"98 toyota corolla battery",0,2,0.00%,43.0
"99 jeep grand cherokee starter",0,1,0.00%,79.0
"alternator toyota corolla 2003",0,2,0.00%,81.0
"altima starter replacement",0,1,0.00%,26.0
"auto repair flint",0,1,0.00%,34.0
"auto repair flint, mi",0,1,0.00%,1.0
"auto repair tune up near me",0,1,0.00%,27.0
"battery for 2013 corolla",0,1,0.00%,73.0
"battery for 2013 toyota corolla",0,2,0.00%,62.0
"battery location bmw x3",0,28,0.00%,75.6
"battery location on bmw x5",0,1,0.00%,70.0
"battery stores near me",0,1,0.00%,44.0
"bmw 330i starter replacement",0,1,0.00%,30.0
"bmw 5 series battery location",0,1,0.00%,37.0
"bmw alternator replacement",0,2,0.00%,87.5
"bmw battery location x3",0,1,0.00%,65.0
"bmw battery location x5",0,2,0.00%,66.0
"bmw starter motor repair",0,2,0.00%,70.0
"bmw starter repair",0,1,0.00%,73.0
"bmw water pump location",0,1,0.00%,42.0
"bmw water pump repair",0,4,0.00%,35.5
"bmw water pump replacement",0,2,0.00%,79.5
"bmw x3 2011 battery location",0,1,0.00%,86.0
"bmw x3 2014 battery location",0,1,0.00%,94.0
"bmw x3 battery location",0,27,0.00%,70.6
"bmw x3 battery location jump start",0,1,0.00%,78.0
"bmw x3 battery replacement",0,4,0.00%,59.8
"bmw x3 brake pad replacement",0,2,0.00%,27.0
"bmw x3 cabin air filter replacement",0,6,0.00%,70.0
"bmw x3 change headlight bulb",0,17,0.00%,48.5
"bmw x3 engine air filter replacement",0,1,0.00%,53.0
"bmw x3 engine oil change",0,1,0.00%,74.0
"bmw x3 oil change",0,19,0.00%,77.9
"bmw x3 rear brake pad replacement",0,1,0.00%,47.0
"bmw x3 serpentine belt replacement",0,1,0.00%,15.0
"bmw x3 starter motor replacement",0,2,0.00%,59.5
"bmw x3 starter replacement",0,1,0.00%,79.0
"bmw x3 thermostat replacement",0,3,0.00%,78.3
"bmw x3 water pump replacement",0,4,0.00%,52.8
"bmw x3 where is the battery",0,1,0.00%,76.0
"bmw x5 air filter replacement",0,1,0.00%,70.0
"bmw x5 alternator removal",0,1,0.00%,44.0
"bmw x5 alternator replacement",0,3,0.00%,38.3
"bmw x5 auxiliary battery replacement",0,2,0.00%,66.0
"bmw x5 battery location",0,3,0.00%,71.0
"bmw x5 battery location 2023",0,1,0.00%,83.0
"bmw x5 battery replacement",0,10,0.00%,56.6
"bmw x5 brake pad replacement",0,2,0.00%,49.0
"bmw x5 brake pads replacement",0,1,0.00%,70.0
"bmw x5 cabin air filter replacement",0,1,0.00%,74.0
"bmw x5 car battery location",0,1,0.00%,36.0
"bmw x5 drive belt diagram",0,2,0.00%,82.0
"bmw x5 engine oil change",0,2,0.00%,57.5
"bmw x5 fan belt diagram",0,2,0.00%,53.5
"bmw x5 g05 battery replacement",0,1,0.00%,74.0
"bmw x5 headlight bulb replacement",0,1,0.00%,47.0
"bmw x5 headlight replacement",0,1,0.00%,46.0
"bmw x5 microfilter replacement",0,1,0.00%,72.0
"bmw x5 serpentine belt diagram",0,1,0.00%,47.0
"bmw x5 serpentine belt replacement",0,4,0.00%,67.5
"bmw x5 spark plug replacement",0,1,0.00%,47.0
"bmw x5 water pump replacement",0,2,0.00%,51.5
"brake repair",0,6,0.00%,17.7
"brake repair near me",0,2,0.00%,1.0
"brake repair services",0,1,0.00%,21.0
"car mechanic",0,1,0.00%,1.0
"car mechanic services",0,4,0.00%,6.0
"car repair flint mi",0,1,0.00%,26.0
"car repair near me",0,12,0.00%,1.8
"car repair places near me",0,1,0.00%,1.0
"car suspension",0,1,0.00%,41.0
"change oil bmw x5",0,1,0.00%,42.0
"change spark plugs subaru forester",0,1,0.00%,61.0
"changing brake pads ford focus",0,1,0.00%,79.0
"changing oil bmw x3",0,2,0.00%,82.0
"chevy equinox water pump replacement",0,2,0.00%,73.5
"chevy impala battery replacement",0,2,0.00%,83.5
"chevy impala water pump replacement",0,1,0.00%,49.0
"chevy malibu cabin air filter replacement",0,2,0.00%,88.5
"chevy malibu water pump replacement",0,3,0.00%,53.7
"chevy tahoe brake pad replacement",0,2,0.00%,65.0
"chevy tahoe oil change",0,3,0.00%,58.3
"chevy tahoe serpentine belt replacement",0,1,0.00%,45.0
"chevy tahoe starter replacement",0,1,0.00%,30.0
"chevy tahoe thermostat replacement",0,1,0.00%,49.0
"chevy tahoe water pump replacement",0,1,0.00%,39.0
"corolla battery replacement",0,1,0.00%,92.0
"engine replacement near me",0,1,0.00%,28.0
"f150 water pump replacement",0,1,0.00%,70.0
"fix my prius battery",0,2,0.00%,18.5
"flint auto repair",0,2,0.00%,10.0
"ford edge battery replacement",0,1,0.00%,70.0
"ford edge serpentine belt replacement",0,1,0.00%,32.0
"ford edge starter replacement",0,2,0.00%,60.5
"ford escape alternator removal",0,1,0.00%,91.0
"ford escape serpentine belt replacement",0,1,0.00%,48.0
"ford escape thermostat location",0,1,0.00%,50.0
"ford escape thermostat replacement",0,1,0.00%,61.0
"ford explorer headlight bulb replacement",0,1,0.00%,29.0
"ford explorer spark plug replacement",0,1,0.00%,40.0
"ford f150 serpentine belt replacement",0,1,0.00%,53.0
"ford f150 water pump replacement",0,1,0.00%,51.0
"ford focus brake pads change",0,1,0.00%,89.0
"ford focus starter location",0,1,0.00%,66.0
"ford focus starter replacement",0,1,0.00%,58.0
"ford fusion serpentine belt replacement",0,3,0.00%,79.7
"ford mustang gt battery replacement",0,1,0.00%,43.0
"glc thermostat",0,1,0.00%,11.0
"honda accord radiator repair",0,1,0.00%,47.0
"honda accord radiator replacement",0,1,0.00%,82.0
"honda accord serpentine belt replacement",0,1,0.00%,46.0
"honda accord water pump replacement",0,4,0.00%,45.8
"honda civic belt replacement",0,1,0.00%,56.0
"honda civic drive belt replacement",0,1,0.00%,58.0
"honda civic radiator replacement",0,1,0.00%,67.0
"honda civic serpentine belt replacement",0,1,0.00%,62.0
"honda civic starter motor location",0,1,0.00%,59.0
"honda civic starter replacement",0,1,0.00%,66.0
"honda civic water pump replacement",0,4,0.00%,70.3
"honda cr v battery replacement",0,2,0.00%,61.0
"honda cr-v battery replacement",0,2,0.00%,58.0
"honda crv engine air filter replacement",0,1,0.00%,67.0
"honda crv thermostat replacement",0,3,0.00%,74.0
"honda crv water pump replacement",0,1,0.00%,61.0
"honda fit alternator replacement",0,1,0.00%,29.0
"honda fit battery replacement",0,2,0.00%,58.5
"honda fit brake pads replacement",0,1,0.00%,49.0
"honda fit engine air filter replacement",0,1,0.00%,99.0
"honda fit headlight bulb replacement",0,1,0.00%,39.0
"honda fit headlight replacement",0,6,0.00%,45.5
"honda fit serpentine belt replacement",0,2,0.00%,39.0
"honda fit spark plug change",0,1,0.00%,36.0
"honda fit spark plug replacement",0,1,0.00%,36.0
"honda fit spark plug torque",0,1,0.00%,25.0
"honda fit starter replacement",0,1,0.00%,43.0
"honda odyssey air filter replacement",0,1,0.00%,85.0
"honda odyssey alternator replacement",0,1,0.00%,43.0
"honda odyssey engine air filter replacement",0,1,0.00%,79.0
"honda odyssey headlight replacement",0,1,0.00%,39.0
"honda odyssey replace headlight bulb",0,1,0.00%,67.0
"honda odyssey serpentine belt replacement",0,9,0.00%,33.2
"honda odyssey spark plug change",0,1,0.00%,65.0
"honda odyssey spark plug replacement",0,2,0.00%,44.0
"honda odyssey spark plugs replacement",0,1,0.00%,46.0
"honda odyssey starter motor location",0,5,0.00%,32.6
"honda odyssey starter replacement",0,5,0.00%,40.8
"honda odyssey tune up",0,2,0.00%,37.5
"honda odyssey water pump replacement",0,3,0.00%,47.0
"honda pilot 1995",0,1,0.00%,95.0
"honda pilot air filter location",0,1,0.00%,62.0
"honda pilot air filter replacement",0,1,0.00%,70.0
"honda pilot alternator removal",0,1,0.00%,79.0
"honda pilot alternator replacement",0,1,0.00%,27.0
"honda pilot battery location",0,1,0.00%,60.0
"honda pilot belt replacement",0,1,0.00%,47.0
"honda pilot headlight bulb replacement",0,1,0.00%,34.0
"honda pilot negative battery terminal",0,1,0.00%,54.0
"honda pilot radiator replacement",0,3,0.00%,53.0
"honda pilot serpentine belt replacement",0,3,0.00%,38.7
"honda pilot spark plug replacement",0,1,0.00%,62.0
"honda pilot starter replacement",0,2,0.00%,55.0
"honda pilot thermostat replacement",0,1,0.00%,35.0
"honda pilot water pump replacement",0,1,0.00%,58.0
"how to change air filter in 2015 chevy silverado",0,1,0.00%,77.0
"how to change headlight bulb nissan pathfinder",0,3,0.00%,89.0
"how to disconnect toyota corolla battery",0,1,0.00%,41.0
"how to fix hyundai sonata fan belt",0,1,0.00%,8.0
"how to remove a lightbulb from a 1990 toyota camry headlamp",0,5,0.00%,7.2
"how to replace prius battery",0,1,0.00%,91.0
"how to replace serpentine belt subaru forester",0,1,0.00%,9.0
"hyundai elantra battery removal",0,1,0.00%,36.0
"hyundai santa fe alternator replacement",0,2,0.00%,45.0
"hyundai santa fe starter replacement",0,4,0.00%,57.8
"hyundai sonata 1987",0,1,0.00%,95.0
"hyundai sonata battery replacement",0,1,0.00%,93.0
"hyundai tucson thermostat replacement",0,1,0.00%,31.0
"hyundai tucson water pump location",0,1,0.00%,9.0
"jeep cherokee radiator removal",0,1,0.00%,95.0
"jeep cherokee starter replacement",0,2,0.00%,72.5
"jeep cherokee water pump replacement",0,1,0.00%,38.0
"jeep grand cherokee belt replacement",0,1,0.00%,47.0
"jeep jk alternator replacement",0,1,0.00%,44.0
"jeep jk water pump location",0,1,0.00%,58.0
"jeep radiator repair",0,1,0.00%,60.0
"kia optima air filter replacement",0,1,0.00%,65.0
"kia optima brake pad replacement",0,1,0.00%,92.0
"kia optima serpentine belt replacement",0,1,0.00%,32.0
"kia optima starter replacement",0,2,0.00%,49.5
"kia sorento 1995",0,1,0.00%,10.0
"kia sorento battery replacement",0,2,0.00%,85.0
"kia sorento starter replacement",0,1,0.00%,76.0
"kia sorento thermostat replacement",0,1,0.00%,56.0
"kia soul alternator replacement",0,1,0.00%,28.0
"kia soul brake pad replacement",0,1,0.00%,29.0
"kia soul serpentine belt diagram",0,2,0.00%,39.0
"kia soul spark plug gap",0,1,0.00%,57.0
"kia soul spark plug replacement",0,3,0.00%,47.0
"kia soul starter location",0,1,0.00%,55.0
"kia soul starter replacement",0,2,0.00%,47.5
"kia soul thermostat location",0,2,0.00%,54.5
"kia soul water pump replacement",0,1,0.00%,28.0
"kia sportage battery location",0,1,0.00%,22.0
"kia sportage battery replacement",0,1,0.00%,81.0
"kia sportage serpentine belt replacement",0,1,0.00%,41.0
"kia sportage starter replacement",0,1,0.00%,72.0
"kia sportage water pump replacement",0,1,0.00%,28.0
"kia water pump replacement",0,1,0.00%,71.0
"maintenance mechanic",0,1,0.00%,13.0
"mechanic flint",0,1,0.00%,58.0
"mechanic near me",0,24,0.00%,6.2
"mechanic shop near me",0,2,0.00%,17.0
"mechanics open saturday",0,1,0.00%,9.0
"mercedes e class battery replacement",0,1,0.00%,94.0
"mercedes glc battery location",0,1,0.00%,46.0
"nissan altima spark plugs replacement",0,1,0.00%,61.0
"nissan altima starter location",0,1,0.00%,73.0
"nissan altima starter replacement",0,1,0.00%,54.0
"nissan altima thermostat replacement",0,2,0.00%,54.0
"nissan altima water pump replacement",0,1,0.00%,65.0
"nissan engine air filter replacement",0,1,0.00%,52.0
"nissan pathfinder battery location",0,1,0.00%,87.0
"nissan pathfinder headlight bulb replacement",0,1,0.00%,55.0
"nissan pathfinder serpentine belt replacement",0,1,0.00%,83.0
"nissan pathfinder starter replacement",0,1,0.00%,28.0
"nissan rogue 2011 headlight bulb replacement",0,1,0.00%,50.0
"nissan rogue alternator replacement",0,2,0.00%,44.5
"nissan rogue spark plug replacement",0,1,0.00%,58.0
"nissan rogue thermostat replacement",0,1,0.00%,27.0
"nissan rogue water pump replacement",0,1,0.00%,49.0
"nissan sentra serpentine belt replacement",0,1,0.00%,50.0
"nissan sentra spark plug replacement",0,2,0.00%,46.5
"nissan sentra starter replacement",0,2,0.00%,56.0
"nissan sentra thermostat replacement",0,1,0.00%,42.0
"nissan versa 2000",0,1,0.00%,13.0
"nissan versa alternator replacement",0,1,0.00%,47.0
"nissan versa battery replacement",0,1,0.00%,86.0
"nissan versa brake pads replacement",0,1,0.00%,57.0
"nissan versa serpentine belt replacement",0,5,0.00%,54.8
"nissan versa spark plugs replacement",0,1,0.00%,29.0
"nissan versa water pump replacement",0,1,0.00%,32.0
"nissan water pump replacement",0,2,0.00%,40.5
"oil change",0,2,0.00%,41.0
"oil change bmw x3",0,9,0.00%,85.3
"oil change flint",0,1,0.00%,36.0
"oil change flint mi",0,1,0.00%,14.0
"oil change hyundai tucson",0,1,0.00%,41.0
"pathfinder battery replacement",0,1,0.00%,38.0
"pathfinder oil change",0,1,0.00%,44.0
"prius battery repair",0,1,0.00%,44.0
"prius brake pad replacement",0,1,0.00%,35.0
"replace 2003 tacoma front brakes",0,8,0.00%,24.8
"replace honda crv battery",0,1,0.00%,73.0
"replace honda pilot headlight bulb",0,1,0.00%,49.0
"replace serpentine belt subaru forester",0,3,0.00%,56.7
"replace starter honda crv",0,1,0.00%,92.0
"replace starter toyota corolla",0,1,0.00%,58.0
"replace subaru forester battery",0,1,0.00%,87.0
"replace subaru outback battery",0,1,0.00%,74.0
"replace water pump jeep",0,2,0.00%,50.5
"replace water pump toyota corolla",0,2,0.00%,50.0
"replacing honda crv battery",0,2,0.00%,62.0
"say again",0,1,0.00%,6.0
"serpentine belt replacement honda civic",0,1,0.00%,31.0
"serpentine belt replacement honda odyssey",0,2,0.00%,55.0
"sienna battery location",0,2,0.00%,87.5
"spot",0,3,0.00%,4.7
"spot change",0,1,0.00%,6.0
"spot on",0,7,0.00%,4.7
"spot on auto",0,12,0.00%,3.2
"spot on automotive",0,1,0.00%,39.0
"steering and suspension",0,4,0.00%,31.0
"steering and suspension services",0,2,0.00%,41.0
"step by step",0,1,0.00%,4.0
"subaru crosstrek alternator replacement",0,5,0.00%,75.2
"subaru crosstrek headlight replacement",0,2,0.00%,39.0
"subaru crosstrek radiator replacement",0,1,0.00%,73.0
"subaru crosstrek water pump replacement",0,1,0.00%,63.0
"subaru forester air filter replacement",0,2,0.00%,71.5
"subaru forester battery location",0,1,0.00%,71.0
"subaru forester engine air filter replacement",0,1,0.00%,74.0
"subaru forester headlight bulb replacement",0,1,0.00%,56.0
"subaru forester serpentine belt replacement",0,4,0.00%,57.8
"subaru forester spark plug change",0,1,0.00%,41.0
"subaru forester spark plug replacement",0,1,0.00%,33.0
"subaru forester starter replacement",0,1,0.00%,59.0
"subaru forester thermostat replacement",0,1,0.00%,60.0
"subaru headlight bulb replacement",0,2,0.00%,74.0
"subaru outback alternator replacement",0,1,0.00%,66.0
"subaru outback headlight bulb replacement",0,1,0.00%,60.0
"subaru outback serpentine belt replacement",0,1,0.00%,47.0
"subaru outback starter location",0,4,0.00%,50.3
"subaru outback starter replacement",0,2,0.00%,59.5
"subaru starter repair",0,3,0.00%,75.0
"subaru water pump location",0,1,0.00%,49.0
"suburban thermostat replacement",0,1,0.00%,77.0
"tacoma headlight bulb replacement",0,1,0.00%,40.0
"thermostat for 2001 ford f150",0,2,0.00%,65.0
"thermostat replacement jeep grand cherokee",0,1,0.00%,47.0
"toyota alternator repair",0,4,0.00%,51.8
"toyota camry alternator removal",0,1,0.00%,82.0
"toyota camry alternator repair",0,1,0.00%,73.0
"toyota camry battery positive negative",0,1,0.00%,57.0
"toyota corolla 2013 battery size",0,1,0.00%,72.0
"toyota corolla alternator location",0,1,0.00%,70.0
"toyota corolla alternator repair",0,2,0.00%,57.5
"toyota corolla alternator replacement",0,2,0.00%,38.5
"toyota corolla battery replacement",0,4,0.00%,90.0
"toyota corolla belt replacement",0,1,0.00%,55.0
"toyota corolla brake rotor replacement guidelines",0,1,0.00%,18.0
"toyota corolla drive belt replacement",0,1,0.00%,52.0
"toyota corolla headlight bulb replacement",0,1,0.00%,46.0
"toyota corolla serpentine belt replacement",0,1,0.00%,34.0
"toyota corolla water pump replacement",0,1,0.00%,75.0
"toyota highlander serpentine belt replacement",0,1,0.00%,77.0
"toyota prius battery repair",0,4,0.00%,76.5
"toyota prius brake pad replacement",0,1,0.00%,31.0
"toyota prius brake pads replacement",0,1,0.00%,59.0
"toyota prius water pump replacement",0,2,0.00%,44.0
"toyota sienna alternator replacement",0,1,0.00%,30.0
"toyota sienna battery location",0,2,0.00%,76.5
"toyota sienna battery replacement",0,2,0.00%,54.0
"toyota sienna serpentine belt replacement",0,1,0.00%,44.0
"toyota sienna spark plug replacement",0,1,0.00%,45.0
"toyota sienna water pump replacement",0,2,0.00%,40.0
"toyota tacoma belt replacement",0,1,0.00%,61.0
"toyota tacoma serpentine belt replacement",0,1,0.00%,54.0
"toyota tacoma thermostat replacement",0,1,0.00%,63.0
"toyota tacoma water pump replacement",0,1,0.00%,42.0
"toyota tundra alternator location",0,1,0.00%,73.0
"toyota tundra brake pad replacement",0,2,0.00%,61.5
"toyota tundra headlight bulb replacement",0,3,0.00%,35.0
"toyota tundra spark plug replacement",0,1,0.00%,43.0
"toyota tundra water pump replacement",0,2,0.00%,72.0
"tucson alternator exchange",0,1,0.00%,47.0
"tundra starter replacement",0,1,0.00%,44.0
"vehicle ac repair near me burton",0,5,0.00%,9.0
"where is battery in bmw x3",0,1,0.00%,83.0
"where is battery on bmw x3",0,1,0.00%,72.0
"where is battery on bmw x5",0,1,0.00%,69.0
"where is the battery in a bmw x3",0,1,0.00%,65.0
"where is the battery located on a prius",0,1,0.00%,84.0
"where is the battery on a bmw x5",0,2,0.00%,72.0
"where is the negative battery terminal on a honda pilot",0,1,0.00%,45.0
"where is the starter located?",0,1,0.00%,6.0
"where is the starter on a honda pilot",0,1,0.00%,21.0
"where is the starter on a subaru outback",0,1,0.00%,89.0
"x5 battery location",0,1,0.00%,44.0
"x5 battery replacement",0,2,0.00%,76.5
"x5 bmw battery location",0,1,0.00%,43.0